Muster;Formatstand;Sparte;Prüf-ID;Segment;Befund;Vorschlag;Entscheidung
E1;202604;Gas;44003;FTX;FTX+ABO: Qualifier ist im AHB der Prüf-ID 44003 nicht vorgesehen.;Qualifier datengetrieben aus AHB-Meta (ACB statt ABO) setzen;
E1;202604;Gas;44006;FTX;FTX+ABO: Qualifier ist im AHB der Prüf-ID 44006 nicht vorgesehen.;Qualifier datengetrieben aus AHB-Meta (ACB statt ABO) setzen;
E1;202604;Gas;44009;FTX;FTX+ABO: Qualifier ist im AHB der Prüf-ID 44009 nicht vorgesehen.;Qualifier datengetrieben aus AHB-Meta (ACB statt ABO) setzen;
E1;202604;Gas;44015;FTX;FTX+ABO: Qualifier ist im AHB der Prüf-ID 44015 nicht vorgesehen.;Qualifier datengetrieben aus AHB-Meta (ACB statt ABO) setzen;
E1;202604;Gas;44018;FTX;FTX+ABO: Qualifier ist im AHB der Prüf-ID 44018 nicht vorgesehen.;Qualifier datengetrieben aus AHB-Meta (ACB statt ABO) setzen;
E1;202604;Gas;44024;FTX;FTX+ABO: Qualifier ist im AHB der Prüf-ID 44024 nicht vorgesehen.;Qualifier datengetrieben aus AHB-Meta (ACB statt ABO) setzen;
E1;202604;Strom;55003;FTX;FTX+ABO: Qualifier ist im AHB der Prüf-ID 55003 nicht vorgesehen.;Qualifier datengetrieben aus AHB-Meta (ACB statt ABO) setzen;
E1;202604;Strom;55006;FTX;FTX+ABO: Qualifier ist im AHB der Prüf-ID 55006 nicht vorgesehen.;Qualifier datengetrieben aus AHB-Meta (ACB statt ABO) setzen;
E1;202604;Strom;55009;FTX;FTX+ABO: Qualifier ist im AHB der Prüf-ID 55009 nicht vorgesehen.;Qualifier datengetrieben aus AHB-Meta (ACB statt ABO) setzen;
E1;202604;Strom;55015;FTX;FTX+ABO: Qualifier ist im AHB der Prüf-ID 55015 nicht vorgesehen.;Qualifier datengetrieben aus AHB-Meta (ACB statt ABO) setzen;
E1;202604;Strom;55018;FTX;FTX+ABO: Qualifier ist im AHB der Prüf-ID 55018 nicht vorgesehen.;Qualifier datengetrieben aus AHB-Meta (ACB statt ABO) setzen;
E1;202604;Strom;55024;FTX;FTX+ABO: Qualifier ist im AHB der Prüf-ID 55024 nicht vorgesehen.;Qualifier datengetrieben aus AHB-Meta (ACB statt ABO) setzen;
E1;202604;Strom;55080;FTX;FTX+ABO: Qualifier ist im AHB der Prüf-ID 55080 nicht vorgesehen.;Qualifier datengetrieben aus AHB-Meta (ACB statt ABO) setzen;
E1;202604;Strom;55604;FTX;FTX+ABO: Qualifier ist im AHB der Prüf-ID 55604 nicht vorgesehen.;Qualifier datengetrieben aus AHB-Meta (ACB statt ABO) setzen;
E1;202604;Strom;55605;FTX;FTX+ABO: Qualifier ist im AHB der Prüf-ID 55605 nicht vorgesehen.;Qualifier datengetrieben aus AHB-Meta (ACB statt ABO) setzen;
E1;202604;Strom;55609;FTX;FTX+ABO: Qualifier ist im AHB der Prüf-ID 55609 nicht vorgesehen.;Qualifier datengetrieben aus AHB-Meta (ACB statt ABO) setzen;
E1;202610;Gas;44003;FTX;FTX+ABO: Qualifier ist im AHB der Prüf-ID 44003 nicht vorgesehen.;Qualifier datengetrieben aus AHB-Meta (ACB statt ABO) setzen;
E1;202610;Gas;44006;FTX;FTX+ABO: Qualifier ist im AHB der Prüf-ID 44006 nicht vorgesehen.;Qualifier datengetrieben aus AHB-Meta (ACB statt ABO) setzen;
E1;202610;Gas;44009;FTX;FTX+ABO: Qualifier ist im AHB der Prüf-ID 44009 nicht vorgesehen.;Qualifier datengetrieben aus AHB-Meta (ACB statt ABO) setzen;
E1;202610;Gas;44015;FTX;FTX+ABO: Qualifier ist im AHB der Prüf-ID 44015 nicht vorgesehen.;Qualifier datengetrieben aus AHB-Meta (ACB statt ABO) setzen;
E1;202610;Gas;44018;FTX;FTX+ABO: Qualifier ist im AHB der Prüf-ID 44018 nicht vorgesehen.;Qualifier datengetrieben aus AHB-Meta (ACB statt ABO) setzen;
E1;202610;Gas;44024;FTX;FTX+ABO: Qualifier ist im AHB der Prüf-ID 44024 nicht vorgesehen.;Qualifier datengetrieben aus AHB-Meta (ACB statt ABO) setzen;
E1;202610;Strom;55003;FTX;FTX+ABO: Qualifier ist im AHB der Prüf-ID 55003 nicht vorgesehen.;Qualifier datengetrieben aus AHB-Meta (ACB statt ABO) setzen;
E1;202610;Strom;55006;FTX;FTX+ABO: Qualifier ist im AHB der Prüf-ID 55006 nicht vorgesehen.;Qualifier datengetrieben aus AHB-Meta (ACB statt ABO) setzen;
E1;202610;Strom;55009;FTX;FTX+ABO: Qualifier ist im AHB der Prüf-ID 55009 nicht vorgesehen.;Qualifier datengetrieben aus AHB-Meta (ACB statt ABO) setzen;
E1;202610;Strom;55015;FTX;FTX+ABO: Qualifier ist im AHB der Prüf-ID 55015 nicht vorgesehen.;Qualifier datengetrieben aus AHB-Meta (ACB statt ABO) setzen;
E1;202610;Strom;55018;FTX;FTX+ABO: Qualifier ist im AHB der Prüf-ID 55018 nicht vorgesehen.;Qualifier datengetrieben aus AHB-Meta (ACB statt ABO) setzen;
E1;202610;Strom;55024;FTX;FTX+ABO: Qualifier ist im AHB der Prüf-ID 55024 nicht vorgesehen.;Qualifier datengetrieben aus AHB-Meta (ACB statt ABO) setzen;
E1;202610;Strom;55080;FTX;FTX+ABO: Qualifier ist im AHB der Prüf-ID 55080 nicht vorgesehen.;Qualifier datengetrieben aus AHB-Meta (ACB statt ABO) setzen;
E1;202610;Strom;55604;FTX;FTX+ABO: Qualifier ist im AHB der Prüf-ID 55604 nicht vorgesehen.;Qualifier datengetrieben aus AHB-Meta (ACB statt ABO) setzen;
E1;202610;Strom;55605;FTX;FTX+ABO: Qualifier ist im AHB der Prüf-ID 55605 nicht vorgesehen.;Qualifier datengetrieben aus AHB-Meta (ACB statt ABO) setzen;
E1;202610;Strom;55609;FTX;FTX+ABO: Qualifier ist im AHB der Prüf-ID 55609 nicht vorgesehen.;Qualifier datengetrieben aus AHB-Meta (ACB statt ABO) setzen;
E2;202604;Gas;44012;FTX;Segment FTX ist im AHB der Prüf-ID 44012 nicht vorgesehen.;FTX nur erzeugen, wenn der AHB der Prüf-ID es führt (Kopplung an Meta);
E2;202604;Gas;44041;FTX;Segment FTX ist im AHB der Prüf-ID 44041 nicht vorgesehen.;FTX nur erzeugen, wenn der AHB der Prüf-ID es führt (Kopplung an Meta);
E2;202604;Gas;44044;FTX;Segment FTX ist im AHB der Prüf-ID 44044 nicht vorgesehen.;FTX nur erzeugen, wenn der AHB der Prüf-ID es führt (Kopplung an Meta);
E2;202604;Gas;44053;FTX;Segment FTX ist im AHB der Prüf-ID 44053 nicht vorgesehen.;FTX nur erzeugen, wenn der AHB der Prüf-ID es führt (Kopplung an Meta);
E2;202604;Gas;44105;FTX;Segment FTX ist im AHB der Prüf-ID 44105 nicht vorgesehen.;FTX nur erzeugen, wenn der AHB der Prüf-ID es führt (Kopplung an Meta);
E2;202604;Gas;44146;FTX;Segment FTX ist im AHB der Prüf-ID 44146 nicht vorgesehen.;FTX nur erzeugen, wenn der AHB der Prüf-ID es führt (Kopplung an Meta);
E2;202604;Gas;44152;FTX;Segment FTX ist im AHB der Prüf-ID 44152 nicht vorgesehen.;FTX nur erzeugen, wenn der AHB der Prüf-ID es führt (Kopplung an Meta);
E2;202604;Gas;44164;FTX;Segment FTX ist im AHB der Prüf-ID 44164 nicht vorgesehen.;FTX nur erzeugen, wenn der AHB der Prüf-ID es führt (Kopplung an Meta);
E2;202604;Gas;44170;FTX;Segment FTX ist im AHB der Prüf-ID 44170 nicht vorgesehen.;FTX nur erzeugen, wenn der AHB der Prüf-ID es führt (Kopplung an Meta);
E2;202604;Gas;44182;FTX;Segment FTX ist im AHB der Prüf-ID 44182 nicht vorgesehen.;FTX nur erzeugen, wenn der AHB der Prüf-ID es führt (Kopplung an Meta);
E2;202604;Strom;55012;FTX;Segment FTX ist im AHB der Prüf-ID 55012 nicht vorgesehen.;FTX nur erzeugen, wenn der AHB der Prüf-ID es führt (Kopplung an Meta);
E2;202604;Strom;55041;FTX;Segment FTX ist im AHB der Prüf-ID 55041 nicht vorgesehen.;FTX nur erzeugen, wenn der AHB der Prüf-ID es führt (Kopplung an Meta);
E2;202604;Strom;55044;FTX;Segment FTX ist im AHB der Prüf-ID 55044 nicht vorgesehen.;FTX nur erzeugen, wenn der AHB der Prüf-ID es führt (Kopplung an Meta);
E2;202604;Strom;55053;FTX;Segment FTX ist im AHB der Prüf-ID 55053 nicht vorgesehen.;FTX nur erzeugen, wenn der AHB der Prüf-ID es führt (Kopplung an Meta);
E2;202604;Strom;55170;FTX;Segment FTX ist im AHB der Prüf-ID 55170 nicht vorgesehen.;FTX nur erzeugen, wenn der AHB der Prüf-ID es führt (Kopplung an Meta);
E2;202610;Gas;44012;FTX;Segment FTX ist im AHB der Prüf-ID 44012 nicht vorgesehen.;FTX nur erzeugen, wenn der AHB der Prüf-ID es führt (Kopplung an Meta);
E2;202610;Gas;44041;FTX;Segment FTX ist im AHB der Prüf-ID 44041 nicht vorgesehen.;FTX nur erzeugen, wenn der AHB der Prüf-ID es führt (Kopplung an Meta);
E2;202610;Gas;44044;FTX;Segment FTX ist im AHB der Prüf-ID 44044 nicht vorgesehen.;FTX nur erzeugen, wenn der AHB der Prüf-ID es führt (Kopplung an Meta);
E2;202610;Gas;44053;FTX;Segment FTX ist im AHB der Prüf-ID 44053 nicht vorgesehen.;FTX nur erzeugen, wenn der AHB der Prüf-ID es führt (Kopplung an Meta);
E2;202610;Gas;44105;FTX;Segment FTX ist im AHB der Prüf-ID 44105 nicht vorgesehen.;FTX nur erzeugen, wenn der AHB der Prüf-ID es führt (Kopplung an Meta);
E2;202610;Gas;44146;FTX;Segment FTX ist im AHB der Prüf-ID 44146 nicht vorgesehen.;FTX nur erzeugen, wenn der AHB der Prüf-ID es führt (Kopplung an Meta);
E2;202610;Gas;44152;FTX;Segment FTX ist im AHB der Prüf-ID 44152 nicht vorgesehen.;FTX nur erzeugen, wenn der AHB der Prüf-ID es führt (Kopplung an Meta);
E2;202610;Gas;44164;FTX;Segment FTX ist im AHB der Prüf-ID 44164 nicht vorgesehen.;FTX nur erzeugen, wenn der AHB der Prüf-ID es führt (Kopplung an Meta);
E2;202610;Gas;44170;FTX;Segment FTX ist im AHB der Prüf-ID 44170 nicht vorgesehen.;FTX nur erzeugen, wenn der AHB der Prüf-ID es führt (Kopplung an Meta);
E2;202610;Gas;44182;FTX;Segment FTX ist im AHB der Prüf-ID 44182 nicht vorgesehen.;FTX nur erzeugen, wenn der AHB der Prüf-ID es führt (Kopplung an Meta);
E2;202610;Strom;55012;FTX;Segment FTX ist im AHB der Prüf-ID 55012 nicht vorgesehen.;FTX nur erzeugen, wenn der AHB der Prüf-ID es führt (Kopplung an Meta);
E2;202610;Strom;55041;FTX;Segment FTX ist im AHB der Prüf-ID 55041 nicht vorgesehen.;FTX nur erzeugen, wenn der AHB der Prüf-ID es führt (Kopplung an Meta);
E2;202610;Strom;55044;FTX;Segment FTX ist im AHB der Prüf-ID 55044 nicht vorgesehen.;FTX nur erzeugen, wenn der AHB der Prüf-ID es führt (Kopplung an Meta);
E2;202610;Strom;55053;FTX;Segment FTX ist im AHB der Prüf-ID 55053 nicht vorgesehen.;FTX nur erzeugen, wenn der AHB der Prüf-ID es führt (Kopplung an Meta);
E2;202610;Strom;55170;FTX;Segment FTX ist im AHB der Prüf-ID 55170 nicht vorgesehen.;FTX nur erzeugen, wenn der AHB der Prüf-ID es führt (Kopplung an Meta);
E3;202604;Strom;55062;SEQ;SEQ+Z01: Qualifier ist im AHB der Prüf-ID 55062 nicht vorgesehen.;Objektdaten-Block (SEQ/CCI/CAV) an AHB-Meta koppeln: nur AHB-geführte Qualifier erzeugen;
E3;202604;Strom;55063;SEQ;Segment SEQ ist im AHB der Prüf-ID 55063 nicht vorgesehen.;Objektdaten-Block (SEQ/CCI/CAV) an AHB-Meta koppeln: nur AHB-geführte Qualifier erzeugen;
E3;202604;Strom;55063;CCI;Segment CCI ist im AHB der Prüf-ID 55063 nicht vorgesehen.;Objektdaten-Block (SEQ/CCI/CAV) an AHB-Meta koppeln: nur AHB-geführte Qualifier erzeugen;
E3;202604;Strom;55063;CAV;Segment CAV ist im AHB der Prüf-ID 55063 nicht vorgesehen.;Objektdaten-Block (SEQ/CCI/CAV) an AHB-Meta koppeln: nur AHB-geführte Qualifier erzeugen;
E3;202604;Strom;55077;CAV;CAV+Z91: Qualifier ist im AHB der Prüf-ID 55077 nicht vorgesehen.;Objektdaten-Block (SEQ/CCI/CAV) an AHB-Meta koppeln: nur AHB-geführte Qualifier erzeugen;
E3;202604;Strom;55109;CAV;CAV+Z91: Qualifier ist im AHB der Prüf-ID 55109 nicht vorgesehen.;Objektdaten-Block (SEQ/CCI/CAV) an AHB-Meta koppeln: nur AHB-geführte Qualifier erzeugen;
E3;202604;Strom;55109;CAV;CAV+E03: Qualifier ist im AHB der Prüf-ID 55109 nicht vorgesehen.;Objektdaten-Block (SEQ/CCI/CAV) an AHB-Meta koppeln: nur AHB-geführte Qualifier erzeugen;
E3;202604;Strom;55109;CAV;CAV+Z52: Qualifier ist im AHB der Prüf-ID 55109 nicht vorgesehen.;Objektdaten-Block (SEQ/CCI/CAV) an AHB-Meta koppeln: nur AHB-geführte Qualifier erzeugen;
E3;202604;Strom;55110;SEQ;Segment SEQ ist im AHB der Prüf-ID 55110 nicht vorgesehen.;Objektdaten-Block (SEQ/CCI/CAV) an AHB-Meta koppeln: nur AHB-geführte Qualifier erzeugen;
E3;202604;Strom;55110;CCI;Segment CCI ist im AHB der Prüf-ID 55110 nicht vorgesehen.;Objektdaten-Block (SEQ/CCI/CAV) an AHB-Meta koppeln: nur AHB-geführte Qualifier erzeugen;
E3;202604;Strom;55110;CAV;Segment CAV ist im AHB der Prüf-ID 55110 nicht vorgesehen.;Objektdaten-Block (SEQ/CCI/CAV) an AHB-Meta koppeln: nur AHB-geführte Qualifier erzeugen;
E3;202604;Strom;55110;CCI;Segment CCI ist im AHB der Prüf-ID 55110 nicht vorgesehen.;Objektdaten-Block (SEQ/CCI/CAV) an AHB-Meta koppeln: nur AHB-geführte Qualifier erzeugen;
E3;202604;Strom;55110;CAV;Segment CAV ist im AHB der Prüf-ID 55110 nicht vorgesehen.;Objektdaten-Block (SEQ/CCI/CAV) an AHB-Meta koppeln: nur AHB-geführte Qualifier erzeugen;
E3;202604;Strom;55110;CCI;Segment CCI ist im AHB der Prüf-ID 55110 nicht vorgesehen.;Objektdaten-Block (SEQ/CCI/CAV) an AHB-Meta koppeln: nur AHB-geführte Qualifier erzeugen;
E3;202604;Strom;55110;CAV;Segment CAV ist im AHB der Prüf-ID 55110 nicht vorgesehen.;Objektdaten-Block (SEQ/CCI/CAV) an AHB-Meta koppeln: nur AHB-geführte Qualifier erzeugen;
E3;202604;Strom;55238;SEQ;SEQ+Z38: Qualifier ist im AHB der Prüf-ID 55238 nicht vorgesehen.;Objektdaten-Block (SEQ/CCI/CAV) an AHB-Meta koppeln: nur AHB-geführte Qualifier erzeugen;
E3;202604;Strom;55238;CAV;Segment CAV ist im AHB der Prüf-ID 55238 nicht vorgesehen.;Objektdaten-Block (SEQ/CCI/CAV) an AHB-Meta koppeln: nur AHB-geführte Qualifier erzeugen;
E3;202604;Strom;55242;SEQ;Segment SEQ ist im AHB der Prüf-ID 55242 nicht vorgesehen.;Objektdaten-Block (SEQ/CCI/CAV) an AHB-Meta koppeln: nur AHB-geführte Qualifier erzeugen;
E3;202604;Strom;55242;CCI;Segment CCI ist im AHB der Prüf-ID 55242 nicht vorgesehen.;Objektdaten-Block (SEQ/CCI/CAV) an AHB-Meta koppeln: nur AHB-geführte Qualifier erzeugen;
E3;202604;Strom;55242;CAV;Segment CAV ist im AHB der Prüf-ID 55242 nicht vorgesehen.;Objektdaten-Block (SEQ/CCI/CAV) an AHB-Meta koppeln: nur AHB-geführte Qualifier erzeugen;
E3;202604;Strom;55553;SEQ;SEQ+Z76: Qualifier ist im AHB der Prüf-ID 55553 nicht vorgesehen.;Objektdaten-Block (SEQ/CCI/CAV) an AHB-Meta koppeln: nur AHB-geführte Qualifier erzeugen;
E3;202604;Strom;55600;CAV;CAV+Z91: Qualifier ist im AHB der Prüf-ID 55600 nicht vorgesehen.;Objektdaten-Block (SEQ/CCI/CAV) an AHB-Meta koppeln: nur AHB-geführte Qualifier erzeugen;
E3;202604;Strom;55601;CAV;CAV+Z91: Qualifier ist im AHB der Prüf-ID 55601 nicht vorgesehen.;Objektdaten-Block (SEQ/CCI/CAV) an AHB-Meta koppeln: nur AHB-geführte Qualifier erzeugen;
E3;202604;Strom;55615;CAV;CAV+E01: Qualifier ist im AHB der Prüf-ID 55615 nicht vorgesehen.;Objektdaten-Block (SEQ/CCI/CAV) an AHB-Meta koppeln: nur AHB-geführte Qualifier erzeugen;
E3;202604;Strom;55617;CAV;CAV+Z10: Qualifier ist im AHB der Prüf-ID 55617 nicht vorgesehen.;Objektdaten-Block (SEQ/CCI/CAV) an AHB-Meta koppeln: nur AHB-geführte Qualifier erzeugen;
E3;202604;Strom;55618;CAV;CAV+ZE6: Qualifier ist im AHB der Prüf-ID 55618 nicht vorgesehen.;Objektdaten-Block (SEQ/CCI/CAV) an AHB-Meta koppeln: nur AHB-geführte Qualifier erzeugen;
E3;202604;Strom;55627;CAV;CAV+E01: Qualifier ist im AHB der Prüf-ID 55627 nicht vorgesehen.;Objektdaten-Block (SEQ/CCI/CAV) an AHB-Meta koppeln: nur AHB-geführte Qualifier erzeugen;
E3;202604;Strom;55629;CAV;CAV+Z10: Qualifier ist im AHB der Prüf-ID 55629 nicht vorgesehen.;Objektdaten-Block (SEQ/CCI/CAV) an AHB-Meta koppeln: nur AHB-geführte Qualifier erzeugen;
E3;202604;Strom;55630;CAV;CAV+ZE6: Qualifier ist im AHB der Prüf-ID 55630 nicht vorgesehen.;Objektdaten-Block (SEQ/CCI/CAV) an AHB-Meta koppeln: nur AHB-geführte Qualifier erzeugen;
E3;202604;Strom;55639;CAV;CAV+Z91: Qualifier ist im AHB der Prüf-ID 55639 nicht vorgesehen.;Objektdaten-Block (SEQ/CCI/CAV) an AHB-Meta koppeln: nur AHB-geführte Qualifier erzeugen;
E3;202604;Strom;55639;CAV;CAV+E01: Qualifier ist im AHB der Prüf-ID 55639 nicht vorgesehen.;Objektdaten-Block (SEQ/CCI/CAV) an AHB-Meta koppeln: nur AHB-geführte Qualifier erzeugen;
E3;202604;Strom;55640;SEQ;SEQ+Z01: Qualifier ist im AHB der Prüf-ID 55640 nicht vorgesehen.;Objektdaten-Block (SEQ/CCI/CAV) an AHB-Meta koppeln: nur AHB-geführte Qualifier erzeugen;
E3;202604;Strom;55640;CAV;CAV+Z91: Qualifier ist im AHB der Prüf-ID 55640 nicht vorgesehen.;Objektdaten-Block (SEQ/CCI/CAV) an AHB-Meta koppeln: nur AHB-geführte Qualifier erzeugen;
E3;202604;Strom;55640;CAV;CAV+E03: Qualifier ist im AHB der Prüf-ID 55640 nicht vorgesehen.;Objektdaten-Block (SEQ/CCI/CAV) an AHB-Meta koppeln: nur AHB-geführte Qualifier erzeugen;
E3;202604;Strom;55640;CAV;CAV+Z52: Qualifier ist im AHB der Prüf-ID 55640 nicht vorgesehen.;Objektdaten-Block (SEQ/CCI/CAV) an AHB-Meta koppeln: nur AHB-geführte Qualifier erzeugen;
E3;202604;Strom;55641;CAV;CAV+ZE6: Qualifier ist im AHB der Prüf-ID 55641 nicht vorgesehen.;Objektdaten-Block (SEQ/CCI/CAV) an AHB-Meta koppeln: nur AHB-geführte Qualifier erzeugen;
E3;202604;Strom;55649;CAV;CAV+Z91: Qualifier ist im AHB der Prüf-ID 55649 nicht vorgesehen.;Objektdaten-Block (SEQ/CCI/CAV) an AHB-Meta koppeln: nur AHB-geführte Qualifier erzeugen;
E3;202604;Strom;55649;CAV;CAV+E01: Qualifier ist im AHB der Prüf-ID 55649 nicht vorgesehen.;Objektdaten-Block (SEQ/CCI/CAV) an AHB-Meta koppeln: nur AHB-geführte Qualifier erzeugen;
E3;202604;Strom;55650;SEQ;SEQ+Z01: Qualifier ist im AHB der Prüf-ID 55650 nicht vorgesehen.;Objektdaten-Block (SEQ/CCI/CAV) an AHB-Meta koppeln: nur AHB-geführte Qualifier erzeugen;
E3;202604;Strom;55650;CAV;CAV+Z91: Qualifier ist im AHB der Prüf-ID 55650 nicht vorgesehen.;Objektdaten-Block (SEQ/CCI/CAV) an AHB-Meta koppeln: nur AHB-geführte Qualifier erzeugen;
E3;202604;Strom;55650;CAV;CAV+E03: Qualifier ist im AHB der Prüf-ID 55650 nicht vorgesehen.;Objektdaten-Block (SEQ/CCI/CAV) an AHB-Meta koppeln: nur AHB-geführte Qualifier erzeugen;
E3;202604;Strom;55650;CAV;CAV+Z52: Qualifier ist im AHB der Prüf-ID 55650 nicht vorgesehen.;Objektdaten-Block (SEQ/CCI/CAV) an AHB-Meta koppeln: nur AHB-geführte Qualifier erzeugen;
E3;202604;Strom;55651;CAV;CAV+ZE6: Qualifier ist im AHB der Prüf-ID 55651 nicht vorgesehen.;Objektdaten-Block (SEQ/CCI/CAV) an AHB-Meta koppeln: nur AHB-geführte Qualifier erzeugen;
E3;202604;Strom;55659;CAV;CAV+Z91: Qualifier ist im AHB der Prüf-ID 55659 nicht vorgesehen.;Objektdaten-Block (SEQ/CCI/CAV) an AHB-Meta koppeln: nur AHB-geführte Qualifier erzeugen;
E3;202604;Strom;55659;CAV;CAV+E01: Qualifier ist im AHB der Prüf-ID 55659 nicht vorgesehen.;Objektdaten-Block (SEQ/CCI/CAV) an AHB-Meta koppeln: nur AHB-geführte Qualifier erzeugen;
E3;202604;Strom;55660;SEQ;SEQ+Z01: Qualifier ist im AHB der Prüf-ID 55660 nicht vorgesehen.;Objektdaten-Block (SEQ/CCI/CAV) an AHB-Meta koppeln: nur AHB-geführte Qualifier erzeugen;
E3;202604;Strom;55660;CAV;CAV+Z91: Qualifier ist im AHB der Prüf-ID 55660 nicht vorgesehen.;Objektdaten-Block (SEQ/CCI/CAV) an AHB-Meta koppeln: nur AHB-geführte Qualifier erzeugen;
E3;202604;Strom;55660;CAV;CAV+E03: Qualifier ist im AHB der Prüf-ID 55660 nicht vorgesehen.;Objektdaten-Block (SEQ/CCI/CAV) an AHB-Meta koppeln: nur AHB-geführte Qualifier erzeugen;
E3;202604;Strom;55660;CAV;CAV+Z52: Qualifier ist im AHB der Prüf-ID 55660 nicht vorgesehen.;Objektdaten-Block (SEQ/CCI/CAV) an AHB-Meta koppeln: nur AHB-geführte Qualifier erzeugen;
E3;202604;Strom;55661;CAV;CAV+ZE6: Qualifier ist im AHB der Prüf-ID 55661 nicht vorgesehen.;Objektdaten-Block (SEQ/CCI/CAV) an AHB-Meta koppeln: nur AHB-geführte Qualifier erzeugen;
E3;202604;Strom;55684;SEQ;SEQ+Z01: Qualifier ist im AHB der Prüf-ID 55684 nicht vorgesehen.;Objektdaten-Block (SEQ/CCI/CAV) an AHB-Meta koppeln: nur AHB-geführte Qualifier erzeugen;
E3;202604;Strom;55684;CAV;CAV+Z91: Qualifier ist im AHB der Prüf-ID 55684 nicht vorgesehen.;Objektdaten-Block (SEQ/CCI/CAV) an AHB-Meta koppeln: nur AHB-geführte Qualifier erzeugen;
E3;202604;Strom;55684;CAV;CAV+E03: Qualifier ist im AHB der Prüf-ID 55684 nicht vorgesehen.;Objektdaten-Block (SEQ/CCI/CAV) an AHB-Meta koppeln: nur AHB-geführte Qualifier erzeugen;
E3;202604;Strom;55684;CAV;CAV+Z52: Qualifier ist im AHB der Prüf-ID 55684 nicht vorgesehen.;Objektdaten-Block (SEQ/CCI/CAV) an AHB-Meta koppeln: nur AHB-geführte Qualifier erzeugen;
E3;202604;Strom;55688;CAV;CAV+E03: Qualifier ist im AHB der Prüf-ID 55688 nicht vorgesehen.;Objektdaten-Block (SEQ/CCI/CAV) an AHB-Meta koppeln: nur AHB-geführte Qualifier erzeugen;
E3;202604;Strom;55688;CAV;CAV+Z52: Qualifier ist im AHB der Prüf-ID 55688 nicht vorgesehen.;Objektdaten-Block (SEQ/CCI/CAV) an AHB-Meta koppeln: nur AHB-geführte Qualifier erzeugen;
E3;202610;Strom;55062;SEQ;SEQ+Z01: Qualifier ist im AHB der Prüf-ID 55062 nicht vorgesehen.;Objektdaten-Block (SEQ/CCI/CAV) an AHB-Meta koppeln: nur AHB-geführte Qualifier erzeugen;
E3;202610;Strom;55063;SEQ;Segment SEQ ist im AHB der Prüf-ID 55063 nicht vorgesehen.;Objektdaten-Block (SEQ/CCI/CAV) an AHB-Meta koppeln: nur AHB-geführte Qualifier erzeugen;
E3;202610;Strom;55063;CCI;Segment CCI ist im AHB der Prüf-ID 55063 nicht vorgesehen.;Objektdaten-Block (SEQ/CCI/CAV) an AHB-Meta koppeln: nur AHB-geführte Qualifier erzeugen;
E3;202610;Strom;55063;CAV;Segment CAV ist im AHB der Prüf-ID 55063 nicht vorgesehen.;Objektdaten-Block (SEQ/CCI/CAV) an AHB-Meta koppeln: nur AHB-geführte Qualifier erzeugen;
E3;202610;Strom;55077;CAV;CAV+Z91: Qualifier ist im AHB der Prüf-ID 55077 nicht vorgesehen.;Objektdaten-Block (SEQ/CCI/CAV) an AHB-Meta koppeln: nur AHB-geführte Qualifier erzeugen;
E3;202610;Strom;55109;CAV;CAV+Z91: Qualifier ist im AHB der Prüf-ID 55109 nicht vorgesehen.;Objektdaten-Block (SEQ/CCI/CAV) an AHB-Meta koppeln: nur AHB-geführte Qualifier erzeugen;
E3;202610;Strom;55109;CAV;CAV+E03: Qualifier ist im AHB der Prüf-ID 55109 nicht vorgesehen.;Objektdaten-Block (SEQ/CCI/CAV) an AHB-Meta koppeln: nur AHB-geführte Qualifier erzeugen;
E3;202610;Strom;55109;CAV;CAV+Z52: Qualifier ist im AHB der Prüf-ID 55109 nicht vorgesehen.;Objektdaten-Block (SEQ/CCI/CAV) an AHB-Meta koppeln: nur AHB-geführte Qualifier erzeugen;
E3;202610;Strom;55110;SEQ;Segment SEQ ist im AHB der Prüf-ID 55110 nicht vorgesehen.;Objektdaten-Block (SEQ/CCI/CAV) an AHB-Meta koppeln: nur AHB-geführte Qualifier erzeugen;
E3;202610;Strom;55110;CCI;Segment CCI ist im AHB der Prüf-ID 55110 nicht vorgesehen.;Objektdaten-Block (SEQ/CCI/CAV) an AHB-Meta koppeln: nur AHB-geführte Qualifier erzeugen;
E3;202610;Strom;55110;CAV;Segment CAV ist im AHB der Prüf-ID 55110 nicht vorgesehen.;Objektdaten-Block (SEQ/CCI/CAV) an AHB-Meta koppeln: nur AHB-geführte Qualifier erzeugen;
E3;202610;Strom;55110;CCI;Segment CCI ist im AHB der Prüf-ID 55110 nicht vorgesehen.;Objektdaten-Block (SEQ/CCI/CAV) an AHB-Meta koppeln: nur AHB-geführte Qualifier erzeugen;
E3;202610;Strom;55110;CAV;Segment CAV ist im AHB der Prüf-ID 55110 nicht vorgesehen.;Objektdaten-Block (SEQ/CCI/CAV) an AHB-Meta koppeln: nur AHB-geführte Qualifier erzeugen;
E3;202610;Strom;55110;CCI;Segment CCI ist im AHB der Prüf-ID 55110 nicht vorgesehen.;Objektdaten-Block (SEQ/CCI/CAV) an AHB-Meta koppeln: nur AHB-geführte Qualifier erzeugen;
E3;202610;Strom;55110;CAV;Segment CAV ist im AHB der Prüf-ID 55110 nicht vorgesehen.;Objektdaten-Block (SEQ/CCI/CAV) an AHB-Meta koppeln: nur AHB-geführte Qualifier erzeugen;
E3;202610;Strom;55238;SEQ;SEQ+Z38: Qualifier ist im AHB der Prüf-ID 55238 nicht vorgesehen.;Objektdaten-Block (SEQ/CCI/CAV) an AHB-Meta koppeln: nur AHB-geführte Qualifier erzeugen;
E3;202610;Strom;55238;CAV;Segment CAV ist im AHB der Prüf-ID 55238 nicht vorgesehen.;Objektdaten-Block (SEQ/CCI/CAV) an AHB-Meta koppeln: nur AHB-geführte Qualifier erzeugen;
E3;202610;Strom;55242;SEQ;Segment SEQ ist im AHB der Prüf-ID 55242 nicht vorgesehen.;Objektdaten-Block (SEQ/CCI/CAV) an AHB-Meta koppeln: nur AHB-geführte Qualifier erzeugen;
E3;202610;Strom;55242;CCI;Segment CCI ist im AHB der Prüf-ID 55242 nicht vorgesehen.;Objektdaten-Block (SEQ/CCI/CAV) an AHB-Meta koppeln: nur AHB-geführte Qualifier erzeugen;
E3;202610;Strom;55242;CAV;Segment CAV ist im AHB der Prüf-ID 55242 nicht vorgesehen.;Objektdaten-Block (SEQ/CCI/CAV) an AHB-Meta koppeln: nur AHB-geführte Qualifier erzeugen;
E3;202610;Strom;55553;SEQ;SEQ+Z76: Qualifier ist im AHB der Prüf-ID 55553 nicht vorgesehen.;Objektdaten-Block (SEQ/CCI/CAV) an AHB-Meta koppeln: nur AHB-geführte Qualifier erzeugen;
E3;202610;Strom;55600;CAV;CAV+Z91: Qualifier ist im AHB der Prüf-ID 55600 nicht vorgesehen.;Objektdaten-Block (SEQ/CCI/CAV) an AHB-Meta koppeln: nur AHB-geführte Qualifier erzeugen;
E3;202610;Strom;55601;CAV;CAV+Z91: Qualifier ist im AHB der Prüf-ID 55601 nicht vorgesehen.;Objektdaten-Block (SEQ/CCI/CAV) an AHB-Meta koppeln: nur AHB-geführte Qualifier erzeugen;
E3;202610;Strom;55615;CAV;CAV+E01: Qualifier ist im AHB der Prüf-ID 55615 nicht vorgesehen.;Objektdaten-Block (SEQ/CCI/CAV) an AHB-Meta koppeln: nur AHB-geführte Qualifier erzeugen;
E3;202610;Strom;55618;CAV;CAV+ZE6: Qualifier ist im AHB der Prüf-ID 55618 nicht vorgesehen.;Objektdaten-Block (SEQ/CCI/CAV) an AHB-Meta koppeln: nur AHB-geführte Qualifier erzeugen;
E3;202610;Strom;55627;CAV;CAV+E01: Qualifier ist im AHB der Prüf-ID 55627 nicht vorgesehen.;Objektdaten-Block (SEQ/CCI/CAV) an AHB-Meta koppeln: nur AHB-geführte Qualifier erzeugen;
E3;202610;Strom;55630;CAV;CAV+ZE6: Qualifier ist im AHB der Prüf-ID 55630 nicht vorgesehen.;Objektdaten-Block (SEQ/CCI/CAV) an AHB-Meta koppeln: nur AHB-geführte Qualifier erzeugen;
E3;202610;Strom;55639;CAV;CAV+Z91: Qualifier ist im AHB der Prüf-ID 55639 nicht vorgesehen.;Objektdaten-Block (SEQ/CCI/CAV) an AHB-Meta koppeln: nur AHB-geführte Qualifier erzeugen;
E3;202610;Strom;55639;CAV;CAV+E01: Qualifier ist im AHB der Prüf-ID 55639 nicht vorgesehen.;Objektdaten-Block (SEQ/CCI/CAV) an AHB-Meta koppeln: nur AHB-geführte Qualifier erzeugen;
E3;202610;Strom;55640;SEQ;SEQ+Z01: Qualifier ist im AHB der Prüf-ID 55640 nicht vorgesehen.;Objektdaten-Block (SEQ/CCI/CAV) an AHB-Meta koppeln: nur AHB-geführte Qualifier erzeugen;
E3;202610;Strom;55640;CAV;CAV+Z91: Qualifier ist im AHB der Prüf-ID 55640 nicht vorgesehen.;Objektdaten-Block (SEQ/CCI/CAV) an AHB-Meta koppeln: nur AHB-geführte Qualifier erzeugen;
E3;202610;Strom;55640;CAV;CAV+E03: Qualifier ist im AHB der Prüf-ID 55640 nicht vorgesehen.;Objektdaten-Block (SEQ/CCI/CAV) an AHB-Meta koppeln: nur AHB-geführte Qualifier erzeugen;
E3;202610;Strom;55640;CAV;CAV+Z52: Qualifier ist im AHB der Prüf-ID 55640 nicht vorgesehen.;Objektdaten-Block (SEQ/CCI/CAV) an AHB-Meta koppeln: nur AHB-geführte Qualifier erzeugen;
E3;202610;Strom;55641;CAV;CAV+ZE6: Qualifier ist im AHB der Prüf-ID 55641 nicht vorgesehen.;Objektdaten-Block (SEQ/CCI/CAV) an AHB-Meta koppeln: nur AHB-geführte Qualifier erzeugen;
E3;202610;Strom;55649;CAV;CAV+Z91: Qualifier ist im AHB der Prüf-ID 55649 nicht vorgesehen.;Objektdaten-Block (SEQ/CCI/CAV) an AHB-Meta koppeln: nur AHB-geführte Qualifier erzeugen;
E3;202610;Strom;55649;CAV;CAV+E01: Qualifier ist im AHB der Prüf-ID 55649 nicht vorgesehen.;Objektdaten-Block (SEQ/CCI/CAV) an AHB-Meta koppeln: nur AHB-geführte Qualifier erzeugen;
E3;202610;Strom;55650;SEQ;SEQ+Z01: Qualifier ist im AHB der Prüf-ID 55650 nicht vorgesehen.;Objektdaten-Block (SEQ/CCI/CAV) an AHB-Meta koppeln: nur AHB-geführte Qualifier erzeugen;
E3;202610;Strom;55650;CAV;CAV+Z91: Qualifier ist im AHB der Prüf-ID 55650 nicht vorgesehen.;Objektdaten-Block (SEQ/CCI/CAV) an AHB-Meta koppeln: nur AHB-geführte Qualifier erzeugen;
E3;202610;Strom;55650;CAV;CAV+E03: Qualifier ist im AHB der Prüf-ID 55650 nicht vorgesehen.;Objektdaten-Block (SEQ/CCI/CAV) an AHB-Meta koppeln: nur AHB-geführte Qualifier erzeugen;
E3;202610;Strom;55650;CAV;CAV+Z52: Qualifier ist im AHB der Prüf-ID 55650 nicht vorgesehen.;Objektdaten-Block (SEQ/CCI/CAV) an AHB-Meta koppeln: nur AHB-geführte Qualifier erzeugen;
E3;202610;Strom;55651;CAV;CAV+ZE6: Qualifier ist im AHB der Prüf-ID 55651 nicht vorgesehen.;Objektdaten-Block (SEQ/CCI/CAV) an AHB-Meta koppeln: nur AHB-geführte Qualifier erzeugen;
E3;202610;Strom;55659;CAV;CAV+Z91: Qualifier ist im AHB der Prüf-ID 55659 nicht vorgesehen.;Objektdaten-Block (SEQ/CCI/CAV) an AHB-Meta koppeln: nur AHB-geführte Qualifier erzeugen;
E3;202610;Strom;55659;CAV;CAV+E01: Qualifier ist im AHB der Prüf-ID 55659 nicht vorgesehen.;Objektdaten-Block (SEQ/CCI/CAV) an AHB-Meta koppeln: nur AHB-geführte Qualifier erzeugen;
E3;202610;Strom;55660;SEQ;SEQ+Z01: Qualifier ist im AHB der Prüf-ID 55660 nicht vorgesehen.;Objektdaten-Block (SEQ/CCI/CAV) an AHB-Meta koppeln: nur AHB-geführte Qualifier erzeugen;
E3;202610;Strom;55660;CAV;CAV+Z91: Qualifier ist im AHB der Prüf-ID 55660 nicht vorgesehen.;Objektdaten-Block (SEQ/CCI/CAV) an AHB-Meta koppeln: nur AHB-geführte Qualifier erzeugen;
E3;202610;Strom;55660;CAV;CAV+E03: Qualifier ist im AHB der Prüf-ID 55660 nicht vorgesehen.;Objektdaten-Block (SEQ/CCI/CAV) an AHB-Meta koppeln: nur AHB-geführte Qualifier erzeugen;
E3;202610;Strom;55660;CAV;CAV+Z52: Qualifier ist im AHB der Prüf-ID 55660 nicht vorgesehen.;Objektdaten-Block (SEQ/CCI/CAV) an AHB-Meta koppeln: nur AHB-geführte Qualifier erzeugen;
E3;202610;Strom;55661;CAV;CAV+ZE6: Qualifier ist im AHB der Prüf-ID 55661 nicht vorgesehen.;Objektdaten-Block (SEQ/CCI/CAV) an AHB-Meta koppeln: nur AHB-geführte Qualifier erzeugen;
E3;202610;Strom;55684;SEQ;SEQ+Z01: Qualifier ist im AHB der Prüf-ID 55684 nicht vorgesehen.;Objektdaten-Block (SEQ/CCI/CAV) an AHB-Meta koppeln: nur AHB-geführte Qualifier erzeugen;
E3;202610;Strom;55684;CCI;Segment CCI ist im AHB der Prüf-ID 55684 nicht vorgesehen.;Objektdaten-Block (SEQ/CCI/CAV) an AHB-Meta koppeln: nur AHB-geführte Qualifier erzeugen;
E3;202610;Strom;55684;CAV;Segment CAV ist im AHB der Prüf-ID 55684 nicht vorgesehen.;Objektdaten-Block (SEQ/CCI/CAV) an AHB-Meta koppeln: nur AHB-geführte Qualifier erzeugen;
E3;202610;Strom;55684;CCI;Segment CCI ist im AHB der Prüf-ID 55684 nicht vorgesehen.;Objektdaten-Block (SEQ/CCI/CAV) an AHB-Meta koppeln: nur AHB-geführte Qualifier erzeugen;
E3;202610;Strom;55684;CAV;Segment CAV ist im AHB der Prüf-ID 55684 nicht vorgesehen.;Objektdaten-Block (SEQ/CCI/CAV) an AHB-Meta koppeln: nur AHB-geführte Qualifier erzeugen;
E3;202610;Strom;55684;CCI;Segment CCI ist im AHB der Prüf-ID 55684 nicht vorgesehen.;Objektdaten-Block (SEQ/CCI/CAV) an AHB-Meta koppeln: nur AHB-geführte Qualifier erzeugen;
E3;202610;Strom;55684;CAV;Segment CAV ist im AHB der Prüf-ID 55684 nicht vorgesehen.;Objektdaten-Block (SEQ/CCI/CAV) an AHB-Meta koppeln: nur AHB-geführte Qualifier erzeugen;
E3;202610;Strom;55688;CAV;CAV+E03: Qualifier ist im AHB der Prüf-ID 55688 nicht vorgesehen.;Objektdaten-Block (SEQ/CCI/CAV) an AHB-Meta koppeln: nur AHB-geführte Qualifier erzeugen;
E3;202610;Strom;55688;CAV;CAV+Z52: Qualifier ist im AHB der Prüf-ID 55688 nicht vorgesehen.;Objektdaten-Block (SEQ/CCI/CAV) an AHB-Meta koppeln: nur AHB-geführte Qualifier erzeugen;
E3;202610;Strom;55693;CAV;CAV+Z10: Qualifier ist im AHB der Prüf-ID 55693 nicht vorgesehen.;Objektdaten-Block (SEQ/CCI/CAV) an AHB-Meta koppeln: nur AHB-geführte Qualifier erzeugen;
E4;202604;Strom;55060;CAV;"DE7110 ""9911000000456"": laut AHB zulässig sind Z39, Z40, Z41.";Gegen Original-AHB prüfen: MP-ID-Wert vs. Codeliste Z39/Z40/Z41 in DE7110 (Maske ODER Extraktion);
E4;202604;Strom;55194;CAV;"DE7110 ""9911000000456"": laut AHB zulässig sind Z39, Z40, Z41, Z19, Z20.";Gegen Original-AHB prüfen: MP-ID-Wert vs. Codeliste Z39/Z40/Z41 in DE7110 (Maske ODER Extraktion);
E4;202604;Strom;55615;CAV;"DE7110 ""9911000000456"": laut AHB zulässig sind Z39, Z40, Z41.";Gegen Original-AHB prüfen: MP-ID-Wert vs. Codeliste Z39/Z40/Z41 in DE7110 (Maske ODER Extraktion);
E4;202604;Strom;55616;CAV;"DE7110 ""9911000000456"": laut AHB zulässig sind Z39, Z40, Z41, Z19, Z20.";Gegen Original-AHB prüfen: MP-ID-Wert vs. Codeliste Z39/Z40/Z41 in DE7110 (Maske ODER Extraktion);
E4;202604;Strom;55620;CAV;"DE7110 ""9911000000456"": laut AHB zulässig sind Z39, Z40, Z41, Z19, Z20.";Gegen Original-AHB prüfen: MP-ID-Wert vs. Codeliste Z39/Z40/Z41 in DE7110 (Maske ODER Extraktion);
E4;202604;Strom;55627;CAV;"DE7110 ""9911000000456"": laut AHB zulässig sind Z39, Z40, Z41.";Gegen Original-AHB prüfen: MP-ID-Wert vs. Codeliste Z39/Z40/Z41 in DE7110 (Maske ODER Extraktion);
E4;202604;Strom;55632;CAV;"DE7110 ""9911000000456"": laut AHB zulässig sind Z39, Z40, Z41, Z19, Z20.";Gegen Original-AHB prüfen: MP-ID-Wert vs. Codeliste Z39/Z40/Z41 in DE7110 (Maske ODER Extraktion);
E4;202610;Strom;55194;CAV;"DE7110 ""9911000000456"": laut AHB zulässig sind Z39, Z40, Z41, Z19, Z20.";Gegen Original-AHB prüfen: MP-ID-Wert vs. Codeliste Z39/Z40/Z41 in DE7110 (Maske ODER Extraktion);
E4;202610;Strom;55615;CAV;"DE7110 ""9911000000456"": laut AHB zulässig sind Z39, Z40, Z41.";Gegen Original-AHB prüfen: MP-ID-Wert vs. Codeliste Z39/Z40/Z41 in DE7110 (Maske ODER Extraktion);
E4;202610;Strom;55616;CAV;"DE7110 ""9911000000456"": laut AHB zulässig sind Z39, Z40, Z41, Z19, Z20.";Gegen Original-AHB prüfen: MP-ID-Wert vs. Codeliste Z39/Z40/Z41 in DE7110 (Maske ODER Extraktion);
E4;202610;Strom;55620;CAV;"DE7110 ""9911000000456"": laut AHB zulässig sind Z39, Z40, Z41, Z19, Z20.";Gegen Original-AHB prüfen: MP-ID-Wert vs. Codeliste Z39/Z40/Z41 in DE7110 (Maske ODER Extraktion);
E4;202610;Strom;55627;CAV;"DE7110 ""9911000000456"": laut AHB zulässig sind Z39, Z40, Z41.";Gegen Original-AHB prüfen: MP-ID-Wert vs. Codeliste Z39/Z40/Z41 in DE7110 (Maske ODER Extraktion);
E4;202610;Strom;55632;CAV;"DE7110 ""9911000000456"": laut AHB zulässig sind Z39, Z40, Z41, Z19, Z20.";Gegen Original-AHB prüfen: MP-ID-Wert vs. Codeliste Z39/Z40/Z41 in DE7110 (Maske ODER Extraktion);
E5;202604;Strom;55615;CCI;"DE7037 ""Z12"": laut AHB zulässig sind ZB3.";Gegen Original-AHB prüfen: DE7037-Belegung der Folge-CCI (Maske ODER Extraktion);
E5;202604;Strom;55618;CCI;"DE7037 ""ZH2"": laut AHB zulässig sind ZB3.";Gegen Original-AHB prüfen: DE7037-Belegung der Folge-CCI (Maske ODER Extraktion);
E5;202604;Strom;55627;CCI;"DE7037 ""Z12"": laut AHB zulässig sind ZB3.";Gegen Original-AHB prüfen: DE7037-Belegung der Folge-CCI (Maske ODER Extraktion);
E5;202604;Strom;55630;CCI;"DE7037 ""ZH2"": laut AHB zulässig sind ZB3.";Gegen Original-AHB prüfen: DE7037-Belegung der Folge-CCI (Maske ODER Extraktion);
E5;202604;Strom;55684;CCI;"DE7037 ""ZB3"": laut AHB zulässig sind ZA9.";Gegen Original-AHB prüfen: DE7037-Belegung der Folge-CCI (Maske ODER Extraktion);
E5;202604;Strom;55684;CCI;"DE7037 ""E03"": laut AHB zulässig sind ZA9.";Gegen Original-AHB prüfen: DE7037-Belegung der Folge-CCI (Maske ODER Extraktion);
E5;202604;Strom;55684;CCI;"DE7037 ""Z83"": laut AHB zulässig sind ZA9.";Gegen Original-AHB prüfen: DE7037-Belegung der Folge-CCI (Maske ODER Extraktion);
E5;202604;Strom;55688;CCI;"DE7037 ""E03"": laut AHB zulässig sind ZB3.";Gegen Original-AHB prüfen: DE7037-Belegung der Folge-CCI (Maske ODER Extraktion);
E5;202604;Strom;55688;CCI;"DE7037 ""Z83"": laut AHB zulässig sind ZB3.";Gegen Original-AHB prüfen: DE7037-Belegung der Folge-CCI (Maske ODER Extraktion);
E5;202610;Strom;55615;CCI;"DE7037 ""Z12"": laut AHB zulässig sind ZB3.";Gegen Original-AHB prüfen: DE7037-Belegung der Folge-CCI (Maske ODER Extraktion);
E5;202610;Strom;55618;CCI;"DE7037 ""ZH2"": laut AHB zulässig sind ZB3.";Gegen Original-AHB prüfen: DE7037-Belegung der Folge-CCI (Maske ODER Extraktion);
E5;202610;Strom;55627;CCI;"DE7037 ""Z12"": laut AHB zulässig sind ZB3.";Gegen Original-AHB prüfen: DE7037-Belegung der Folge-CCI (Maske ODER Extraktion);
E5;202610;Strom;55630;CCI;"DE7037 ""ZH2"": laut AHB zulässig sind ZB3.";Gegen Original-AHB prüfen: DE7037-Belegung der Folge-CCI (Maske ODER Extraktion);
E5;202610;Strom;55688;CCI;"DE7037 ""E03"": laut AHB zulässig sind ZB3.";Gegen Original-AHB prüfen: DE7037-Belegung der Folge-CCI (Maske ODER Extraktion);
E5;202610;Strom;55688;CCI;"DE7037 ""Z83"": laut AHB zulässig sind ZB3.";Gegen Original-AHB prüfen: DE7037-Belegung der Folge-CCI (Maske ODER Extraktion);
E6;202604;Strom;55074;NAD;"DE3055 ""293"": laut AHB zulässig sind 9.";MP-ID-Vorbelegung je PID an AHB-Codevergabestelle koppeln (GLN-Beispiel bei Code 9);
E6;202604;Strom;55075;NAD;"DE3055 ""293"": laut AHB zulässig sind 9.";MP-ID-Vorbelegung je PID an AHB-Codevergabestelle koppeln (GLN-Beispiel bei Code 9);
E6;202604;Strom;55076;NAD;"DE3055 ""293"": laut AHB zulässig sind 9.";MP-ID-Vorbelegung je PID an AHB-Codevergabestelle koppeln (GLN-Beispiel bei Code 9);
E6;202604;Strom;55194;NAD;"DE3055 ""293"": laut AHB zulässig sind 9, 332.";MP-ID-Vorbelegung je PID an AHB-Codevergabestelle koppeln (GLN-Beispiel bei Code 9);
E6;202610;Strom;55074;NAD;"DE3055 ""293"": laut AHB zulässig sind 9.";MP-ID-Vorbelegung je PID an AHB-Codevergabestelle koppeln (GLN-Beispiel bei Code 9);
E6;202610;Strom;55075;NAD;"DE3055 ""293"": laut AHB zulässig sind 9.";MP-ID-Vorbelegung je PID an AHB-Codevergabestelle koppeln (GLN-Beispiel bei Code 9);
E6;202610;Strom;55076;NAD;"DE3055 ""293"": laut AHB zulässig sind 9.";MP-ID-Vorbelegung je PID an AHB-Codevergabestelle koppeln (GLN-Beispiel bei Code 9);
E6;202610;Strom;55194;NAD;"DE3055 ""293"": laut AHB zulässig sind 9, 332.";MP-ID-Vorbelegung je PID an AHB-Codevergabestelle koppeln (GLN-Beispiel bei Code 9);
E7;202604;Gas;44019;BGM;"DE1001 ""E03"": laut AHB zulässig sind E06.";BGM-Vorbelegung aus Prozess-Meta korrigieren (55074: Z14, 44019: E06);
E7;202604;Strom;55074;BGM;"DE1001 ""E03"": laut AHB zulässig sind Z14.";BGM-Vorbelegung aus Prozess-Meta korrigieren (55074: Z14, 44019: E06);
E7;202610;Gas;44019;BGM;"DE1001 ""E03"": laut AHB zulässig sind E06.";BGM-Vorbelegung aus Prozess-Meta korrigieren (55074: Z14, 44019: E06);
E7;202610;Strom;55074;BGM;"DE1001 ""E03"": laut AHB zulässig sind Z14.";BGM-Vorbelegung aus Prozess-Meta korrigieren (55074: Z14, 44019: E06);
E8;202604;Gas;44019;STS;Segment STS ist im AHB der Prüf-ID 44019 nicht vorgesehen.;STS+7 nur erzeugen, wenn der AHB der Prüf-ID es führt (55074/44019/55224: entfernen);
E8;202604;Strom;55074;STS;Segment STS ist im AHB der Prüf-ID 55074 nicht vorgesehen.;STS+7 nur erzeugen, wenn der AHB der Prüf-ID es führt (55074/44019/55224: entfernen);
E8;202604;Strom;55224;STS;STS+7: Qualifier ist im AHB der Prüf-ID 55224 nicht vorgesehen.;STS+7 nur erzeugen, wenn der AHB der Prüf-ID es führt (55074/44019/55224: entfernen);
E8;202610;Gas;44019;STS;Segment STS ist im AHB der Prüf-ID 44019 nicht vorgesehen.;STS+7 nur erzeugen, wenn der AHB der Prüf-ID es führt (55074/44019/55224: entfernen);
E8;202610;Strom;55074;STS;Segment STS ist im AHB der Prüf-ID 55074 nicht vorgesehen.;STS+7 nur erzeugen, wenn der AHB der Prüf-ID es führt (55074/44019/55224: entfernen);
E8;202610;Strom;55224;STS;STS+7: Qualifier ist im AHB der Prüf-ID 55224 nicht vorgesehen.;STS+7 nur erzeugen, wenn der AHB der Prüf-ID es führt (55074/44019/55224: entfernen);
E9;202604;Strom;55194;SEQ;SEQ+ZD5: Qualifier ist im AHB der Prüf-ID 55194 nicht vorgesehen.;SEQ-Qualifier an AHB-Meta koppeln (55194: ZF3/ZG0 statt ZD5);
E9;202610;Strom;55194;SEQ;SEQ+ZD5: Qualifier ist im AHB der Prüf-ID 55194 nicht vorgesehen.;SEQ-Qualifier an AHB-Meta koppeln (55194: ZF3/ZG0 statt ZD5);
